{"name":"136e80d6-652b-4000-8308-704a474ecdcc","id":"/providers/Microsoft.Flow/flows/136e80d6-652b-4000-8308-704a474ecdcc","type":"Microsoft.Flow/flows","properties":{"apiId":"/providers/Microsoft.PowerApps/apis/shared_logicflows","displayName":"Power Automate - Flow template with error handling","definition":{"metadata":{"workflowEntityId":null,"processAdvisorMetadata":null,"flowclientsuspensionreason":"None","flowclientsuspensiontime":null,"creator":{"id":"53bc83f8-efe4-47c6-bc6e-bd22a37207e4","type":"User","tenantId":"f494b1c5-bb1c-46fc-9c9b-b3d6bbf41e45"},"provisioningMethod":"FromDefinition","failureAlertSubscription":false,"clientLastModifiedTime":"2022-07-04T14:26:26.1415794Z"},"$schema":"https://schema.management.azure.com/providers/Microsoft.Logic/schemas/2016-06-01/workflowdefinition.json#","contentVersion":"1.0.0.0","parameters":{"$authentication":{"defaultValue":{},"type":"SecureObject"}},"triggers":{"manual":{"metadata":{"operationMetadataId":"7b8e95f7-f557-4330-947c-60e622e275d4"},"type":"Request","kind":"Button","inputs":{"schema":{"type":"object","properties":{},"required":[]}}}},"actions":{"Initialize_variable_-_varFlowConfig":{"runAfter":{},"metadata":{"operationMetadataId":"ffb72fb5-e05a-48e4-b8ee-c8786b90eb73"},"type":"InitializeVariable","inputs":{"variables":[{"name":"varFlowConfig","type":"object","value":{"DryRun":true,"OutputErrorStackAsJson":false,"Customer":"","NotifyObserverInCaseOfErrors":"","AccountFlowRunsOn":"","ImplementationBy":"cup o'365 (info@cupo365.gg)"}}]},"description":"This variable contains configuration for parameters used within the flow's main execution and catch scopes. Please be considerate and only alter these configuration values if you know what you're doing and what the impact on the flow is."},"Scope_-_Try":{"actions":{"Scope_-_Prepare":{"actions":{"Parse_JSON_-_Create_dynamic_object_from_varFlowConfig":{"runAfter":{},"metadata":{"operationMetadataId":"5932125b-81e8-4ca3-9267-9a2e18ad0be0"},"type":"ParseJson","inputs":{"content":"@variables('varFlowConfig')","schema":{"type":"object","properties":{"DryRun":{"type":"boolean"},"Customer":{"type":"string"},"NotifyObserverInCaseOfErrors":{"type":"string"},"AccountFlowRunsOn":{"type":"string"},"ImplementationBy":{"type":"string"},"OutputErrorStackAsJson":{"type":"boolean"}}}},"description":"By parsing the variable, the key-value pairs within object will be easier to use in the remainder of the flow. Note that if the structure of the variable object changes, those changes should be reflected in the schema as well."}},"runAfter":{},"metadata":{"operationMetadataId":"706aa316-65ae-4e1b-af65-dfe14a757515"},"type":"Scope"},"Terminate_-_Flow_run_has_succeeded":{"runAfter":{"Scope_-_Prepare":["Succeeded"]},"metadata":{"operationMetadataId":"61d3c96c-4ce0-4072-8570-ce0d28cbfe86"},"type":"Terminate","inputs":{"runStatus":"Succeeded"}}},"runAfter":{"Initialize_variable_-_varFlowConfig":["Succeeded"]},"metadata":{"operationMetadataId":"e380b4ef-f638-4b2c-95d1-b7f60f927da5"},"type":"Scope","description":"Main flow execution scope."},"Scope_-_Catch":{"actions":{"Condition_-_If_flow_is_not_in_dry_run_mode_and_an_observer_is_configured":{"actions":{"Compose_-_Replace_with_an_email_action_and_use_inputs_from_this_action":{"runAfter":{},"metadata":{"operationMetadataId":"87750b3f-4874-454e-a352-9cccca19127e"},"type":"Compose","inputs":{"ActionName":"Send an email (V2) - Notify observer","Note":"This email will notify a configured observer of the error the flow encountered during its execution. A blind carbon copy is also sent to the configured account the flow runs on.","To":"@{variables('varFlowConfig')?['NotifyObserverInCaseOfErrors']}","Subject":"An error ocurred in workflow '@{workflow()['tags']['flowDisplayName']}'","HtmlBody":"@{if(equals(variables('varFlowConfig')?['OutputErrorStackAsJson'], true), outputs('Compose_-_Output_as_JSON'), outputs('Compose_-_Output_as_HTML'))}","BCC":"@{variables('varFlowConfig')?['AccountFlowRunsOn']}","Importance":"High"}}},"runAfter":{"Condition_-_If_error_stack_should_be_output_as_JSON":["Succeeded"]},"expression":{"and":[{"equals":["@variables('varFlowConfig')?['DryRun']","@false"]},{"equals":["@empty(variables('varFlowConfig')?['NotifyObserverInCaseOfErrors'])","@false"]}]},"metadata":{"operationMetadataId":"739f19fa-9c7d-44b7-8d15-085348e1e727"},"type":"If","description":"empty(variables('varFlowConfig')?['NotifyObserverInCaseOfErrors'])"},"Condition_-_If_filter_has_results":{"actions":{"Parse_JSON_-_Objectify_printed_errors":{"runAfter":{"Apply_to_each_-_Print_formatted_filter_results":["Succeeded"]},"metadata":{"operationMetadataId":"b35e21b1-1c1d-4128-a9d3-d9e5e386e8d0"},"type":"ParseJson","inputs":{"content":"@outputs('Compose_-_Print_error')","schema":{"type":"array","items":{"type":"object","properties":{"Status":{"type":"string"},"Code":{"type":"string"},"Action":{"type":"string"},"Message":{"type":"string"}},"required":[]}}}},"Create_HTML_table_-_Create_table_from_printed_errors":{"runAfter":{"Parse_JSON_-_Objectify_printed_errors":["Succeeded"]},"metadata":{"operationMetadataId":"ed21d88e-4711-419d-9d9f-a751a8fd235a"},"type":"Table","inputs":{"from":"@body('Parse_JSON_-_Objectify_printed_errors')","format":"HTML"}},"Apply_to_each_-_Print_formatted_filter_results":{"foreach":"@body('Filter_array_-_Filter_results_of_scopes_and_containers_for_failures_and_timeouts')","actions":{"Compose_-_Print_error":{"runAfter":{},"metadata":{"operationMetadataId":"7c506ee1-4ac0-499e-9be1-ecb14a0d4f6a"},"type":"Compose","inputs":{"Status":"@{items('Apply_to_each_-_Print_formatted_filter_results')['status']}","Code":"@{items('Apply_to_each_-_Print_formatted_filter_results')['code']}","Action":"@{items('Apply_to_each_-_Print_formatted_filter_results')['name']}","Message":"@{if(equals(empty(item()?['error']?['message']), false), item()?['error']?['message'], if(equals(empty(item()?['outputs']?['body']?['message']), false), item()?['outputs']?['body']?['message'], item()?['outputs']))}"},"description":"{   \"Action\": \"@{item()['name']}\",    \"Status\": \"@{item()['status']}\",    \"Code\": \"@{item()['code']}\",    \"Message\": \"@{if(equals(empty(item()?['error']?['message']), false), item()?['error']?['message'], if(equals(empty(item()?['outputs']?['body']?["}},"runAfter":{},"metadata":{"operationMetadataId":"dc4111cc-247e-4bcd-889f-ebd108ffa083"},"type":"Foreach","runtimeConfiguration":{"concurrency":{"repetitions":50}}}},"runAfter":{"Filter_array_-_Filter_results_of_scopes_and_containers_for_failures_and_timeouts":["Succeeded"]},"expression":{"greater":["@length(body('Filter_array_-_Filter_results_of_scopes_and_containers_for_failures_and_timeouts'))",0]},"metadata":{"operationMetadataId":"bb549f27-8d6c-454a-9ee8-3a77bab29a07"},"type":"If","description":"length(body('Filter_array_-_Filter_results_of_scopes_and_containers_for_failures_and_timeouts'))"},"Filter_array_-_Filter_results_of_scopes_and_containers_for_failures_and_timeouts":{"runAfter":{},"metadata":{"operationMetadataId":"38c3da13-b1ed-4e93-a202-ab4b7e25ce47"},"type":"Query","inputs":{"from":"@union(coalesce(result('Scope_-_Try'), createArray(null)), coalesce(result('Scope_-_Prepare'), createArray(null)))","where":"@contains(createArray('Failed', 'TimedOut'), item()['status'])"},"description":"Add/change the inputs of the From function to all containers that are used within the flow because the result function only fetches results from one layer within a container. Containers are scope, condition, switch, apply to each and do untill."},"Condition_-_If_error_stack_should_be_output_as_JSON":{"actions":{"Compose_-_Output_as_JSON":{"runAfter":{},"metadata":{"operationMetadataId":"b28e7dde-cb52-43f4-9b3f-a8aaa4695428"},"type":"Compose","inputs":{"Account":"@{variables('varFlowConfig')?['AccountFlowRunsOn']}","Flow":"@{workflow()['tags']['flowDisplayName']}","ErrorStack":"@if(greater(length(body('Filter_array_-_Filter_results_of_scopes_and_containers_for_failures_and_timeouts')), 0), body('Parse_JSON_-_Objectify_printed_errors'), createArray(null))","Organization":"@{variables('varFlowConfig')?['Customer']}","Environment":"@{workflow()['tags']['environmentName']}","ImplementationBy":"@{variables('varFlowConfig')?['ImplementationBy']}","LinkToFlowRun":"@{concat('https://flow.microsoft.com/manage/environments/', workflow()?['tags']['environmentName'], '/flows/', workflow()?['name'], '/runs/', workflow()?['run']['name'])}"}}},"runAfter":{"Condition_-_If_filter_has_results":["Succeeded"]},"else":{"actions":{"Compose_-_Output_as_HTML":{"runAfter":{},"metadata":{"operationMetadataId":"a640dc06-9fb2-4afa-b944-2821a3190d1b"},"type":"Compose","inputs":"<p><b>Organization</b><br/>@{variables('varFlowConfig')?['Customer']}<br/><br/><b>Account</b><br/>@{variables('varFlowConfig')?['AccountFlowRunsOn']}<br/><br/><b>Flow</b><br/>@{workflow()['tags']['flowDisplayName']}<br/><br/><b>Environment</b><br/>@{workflow()['tags']['environmentName']}<br/><br/><b>Implementation by</b><br/>@{variables('varFlowConfig')?['ImplementationBy']}<br/><br/><b>Link to flow run</b><br/>@{concat('https://flow.microsoft.com/manage/environments/', workflow()?['tags']['environmentName'], '/flows/', workflow()?['name'], '/runs/', workflow()?['run']['name'])}<br/><br/><b>Error stack</b><br/>@{if(greater(length(body('Filter_array_-_Filter_results_of_scopes_and_containers_for_failures_and_timeouts')), 0), replace(body('Create_HTML_table_-_Create_table_from_printed_errors'),'_', ' '), '-')}<br/></p>"}}},"expression":{"equals":["@variables('varFlowConfig')?['OutputErrorStackAsJson']","@true"]},"metadata":{"operationMetadataId":"85340d87-0f7f-4a71-af62-3b0c543c3ae2"},"type":"If"}},"runAfter":{"Scope_-_Try":["Skipped","TimedOut","Failed"]},"metadata":{"operationMetadataId":"cd6a3881-01c1-4232-815c-f1065673d003"},"type":"Scope","description":"Flow execution scope in case of an (unexpected) error in one of the actions in the Try scope."},"Scope_-_Finally":{"actions":{"Terminate_-_Flow_run_has_failed":{"runAfter":{},"metadata":{"operationMetadataId":"374c6b48-6cbb-40f0-b0a7-b664631b25ef"},"type":"Terminate","inputs":{"runStatus":"Failed","runError":{"code":"424","message":"Failed dependency"}}}},"runAfter":{"Scope_-_Catch":["Succeeded","Failed","Skipped","TimedOut"]},"metadata":{"operationMetadataId":"c636259a-2670-4c10-b620-65ebfcce718b"},"type":"Scope","description":"In case of an error, terminate the flow with 'failed'. The action is wrapped inside its own scope, since actions in the Catch scope potentially could go wrong. This allows for a 'controlled' termination of the flow in all cases."}}},"connectionReferences":{},"flowFailureAlertSubscribed":false,"isManaged":false}}